<?xml version="1.0" encoding="UTF-8"?>
<project-private xmlns="http://www.netbeans.org/ns/project-private/1">
    <editor-bookmarks xmlns="http://www.netbeans.org/ns/editor-bookmarks/2" lastBookmarkId="1">
        <file>
            <url>src/libros/Interfaz.java</url>
            <bookmark id="1">
                <name/>
                <line>423</line>
                <key/>
            </bookmark>
        </file>
    </editor-bookmarks>
    <open-files xmlns="http://www.netbeans.org/ns/projectui-open-files/2">
        <group>
            <file>file:/C:/Users/anton/Documents/NetBeansProjects/Libros/src/libros/LibrosController.java</file>
            <file>file:/C:/Users/anton/Documents/NetBeansProjects/Libros/src/libros/Libro.java</file>
            <file>file:/C:/Users/anton/Documents/NetBeansProjects/Libros/src/libros/Libros.java</file>
            <file>file:/C:/Users/anton/Documents/NetBeansProjects/Libros/src/libros/Interfaz.java</file>
            <file>file:/C:/Users/anton/Documents/NetBeansProjects/Libros/src/pruebas/Main.java</file>
        </group>
    </open-files>
</project-private>
